sector,etf_names,etf_links
Aerospace & Defense,ITA,https://www.etf.com/ITA
Aerospace & Defense,XAR,https://www.etf.com/XAR
Aerospace & Defense,PPA,https://www.etf.com/PPA
Aerospace & Defense,DFEN,https://www.etf.com/DFEN
Aerospace & Defense,SHLD,https://www.etf.com/SHLD
Aggressive,AOA,https://www.etf.com/AOA
Aggressive,CLSA,https://www.etf.com/CLSA
Aggressive,DUDE,https://www.etf.com/DUDE
Aggressive,QPX,https://www.etf.com/QPX
Aggressive,ARMR,https://www.etf.com/ARMR
Aggressive,WIZ,https://www.etf.com/WIZ
Aggressive,PWS,https://www.etf.com/PWS
Aggressive,EAOA,https://www.etf.com/EAOA
Aggressive,BOB,https://www.etf.com/BOB
Aggressive,TAEQ,https://www.etf.com/TAEQ
Artificial Intelligence,BOTZ,https://www.etf.com/BOTZ
Artificial Intelligence,ROBO,https://www.etf.com/ROBO
Artificial Intelligence,ARKQ,https://www.etf.com/ARKQ
Artificial Intelligence,DRIV,https://www.etf.com/DRIV
Artificial Intelligence,AIVL,https://www.etf.com/AIVL
Artificial Intelligence,IRBO,https://www.etf.com/IRBO
Artificial Intelligence,ROBT,https://www.etf.com/ROBT
Artificial Intelligence,DUDE,https://www.etf.com/DUDE
Artificial Intelligence,AIQ,https://www.etf.com/AIQ
Artificial Intelligence,AIEQ,https://www.etf.com/AIEQ
Artificial Intelligence,IETC,https://www.etf.com/IETC
Artificial Intelligence,AIVI,https://www.etf.com/AIVI
Artificial Intelligence,BUZZ,https://www.etf.com/BUZZ
Artificial Intelligence,AQGX,https://www.etf.com/AQGX
Artificial Intelligence,ENTR,https://www.etf.com/ENTR
Artificial Intelligence,WIZ,https://www.etf.com/WIZ
Artificial Intelligence,THNQ,https://www.etf.com/THNQ
Artificial Intelligence,LRNZ,https://www.etf.com/LRNZ
Artificial Intelligence,UBOT,https://www.etf.com/UBOT
Artificial Intelligence,ERSX,https://www.etf.com/ERSX
Artificial Intelligence,IEDI,https://www.etf.com/IEDI
Artificial Intelligence,SNUG,https://www.etf.com/SNUG
Artificial Intelligence,AMOM,https://www.etf.com/AMOM
Artificial Intelligence,QRFT,https://www.etf.com/QRFT
Artificial Intelligence,IECS,https://www.etf.com/IECS
Artificial Intelligence,IEME,https://www.etf.com/IEME
Artificial Intelligence,BOB,https://www.etf.com/BOB
Artificial Intelligence,IEFN,https://www.etf.com/IEFN
Artificial Intelligence,AIIQ,https://www.etf.com/AIIQ
Artificial Intelligence,NVQ,https://www.etf.com/NVQ
Artificial Intelligence,HDIV,https://www.etf.com/HDIV
Artificial Intelligence,XDAT,https://www.etf.com/XDAT
Artificial Intelligence,UBCB,https://www.etf.com/UBCB
Artificial Intelligence,WTAI,https://www.etf.com/WTAI
Artificial Intelligence,LETB,https://www.etf.com/LETB
Bank,KBWB,https://www.etf.com/KBWB
Bank,FTXO,https://www.etf.com/FTXO
Broad Maturities,AGG,https://www.etf.com/AGG
Broad Maturities,BND,https://www.etf.com/BND
Broad Maturities,BNDX,https://www.etf.com/BNDX
Broad Maturities,TIP,https://www.etf.com/TIP
Broad Maturities,LQD,https://www.etf.com/LQD
Broad Maturities,MBB,https://www.etf.com/MBB
Broad Maturities,MUB,https://www.etf.com/MUB
Broad Maturities,SCHP,https://www.etf.com/SCHP
Broad Maturities,IUSB,https://www.etf.com/IUSB
Broad Maturities,PFF,https://www.etf.com/PFF
Broad Maturities,EMB,https://www.etf.com/EMB
Broad Maturities,GOVT,https://www.etf.com/GOVT
Broad Maturities,HYG,https://www.etf.com/HYG
Broad Maturities,TLT,https://www.etf.com/TLT
Broad Maturities,VMBS,https://www.etf.com/VMBS
Broad Maturities,VTEB,https://www.etf.com/VTEB
Broad Maturities,SCHZ,https://www.etf.com/SCHZ
Broad Maturities,JNK,https://www.etf.com/JNK
Broad Maturities,FPE,https://www.etf.com/FPE
Broad Maturities,USHY,https://www.etf.com/USHY
Broad Maturities,PGX,https://www.etf.com/PGX
Broad Maturities,USIG,https://www.etf.com/USIG
Broad Maturities,SPAB,https://www.etf.com/SPAB
Broad Maturities,CWB,https://www.etf.com/CWB
Broad Maturities,HYLB,https://www.etf.com/HYLB
Broad Maturities,FIXD,https://www.etf.com/FIXD
Broad Maturities,ANGL,https://www.etf.com/ANGL
Broad Maturities,SPMB,https://www.etf.com/SPMB
Broad Maturities,BOND,https://www.etf.com/BOND
Broad Maturities,IAGG,https://www.etf.com/IAGG
Broad Maturities,FALN,https://www.etf.com/FALN
Broad Maturities,SPIP,https://www.etf.com/SPIP
Broad Maturities,EMLC,https://www.etf.com/EMLC
Broad Maturities,HYD,https://www.etf.com/HYD
Broad Maturities,VWOB,https://www.etf.com/VWOB
Broad Maturities,TOTL,https://www.etf.com/TOTL
Broad Maturities,FMB,https://www.etf.com/FMB
Broad Maturities,PZA,https://www.etf.com/PZA
Broad Maturities,PCY,https://www.etf.com/PCY
Broad Maturities,PFFD,https://www.etf.com/PFFD
Broad Maturities,FBND,https://www.etf.com/FBND
Broad Maturities,BAB,https://www.etf.com/BAB
Broad Maturities,IVOL,https://www.etf.com/IVOL
Broad Maturities,HYLS,https://www.etf.com/HYLS
Broad Maturities,EAGG,https://www.etf.com/EAGG
Broad Maturities,HYMB,https://www.etf.com/HYMB
Broad Maturities,CMF,https://www.etf.com/CMF
Broad Maturities,ICVT,https://www.etf.com/ICVT
Broad Maturities,PGF,https://www.etf.com/PGF
Broad Maturities,FLCB,https://www.etf.com/FLCB
Broad Maturities,JPHY,https://www.etf.com/JPHY
Broad Maturities,HYDW,https://www.etf.com/HYDW
Broad Maturities,PTBD,https://www.etf.com/PTBD
Broad Maturities,HYEM,https://www.etf.com/HYEM
Broad Maturities,PSK,https://www.etf.com/PSK
Broad Maturities,EBND,https://www.etf.com/EBND
Broad Maturities,LQDH,https://www.etf.com/LQDH
Broad Maturities,HTRB,https://www.etf.com/HTRB
Broad Maturities,IGOV,https://www.etf.com/IGOV
Broad Maturities,GTO,https://www.etf.com/GTO
Broad Maturities,DIAL,https://www.etf.com/DIAL
Broad Maturities,QLTA,https://www.etf.com/QLTA
Broad Maturities,PFXF,https://www.etf.com/PFXF
Broad Maturities,UCON,https://www.etf.com/UCON
Broad Maturities,AGGY,https://www.etf.com/AGGY
Broad Maturities,IGHG,https://www.etf.com/IGHG
Broad Maturities,JAGG,https://www.etf.com/JAGG
Broad Maturities,FLCO,https://www.etf.com/FLCO
Broad Maturities,BWX,https://www.etf.com/BWX
Broad Maturities,JMBS,https://www.etf.com/JMBS
Broad Maturities,SUSC,https://www.etf.com/SUSC
Broad Maturities,CMBS,https://www.etf.com/CMBS
Broad Maturities,GIGB,https://www.etf.com/GIGB
Broad Maturities,CORP,https://www.etf.com/CORP
Broad Maturities,AGZ,https://www.etf.com/AGZ
Broad Maturities,HYGV,https://www.etf.com/HYGV
Broad Maturities,VTC,https://www.etf.com/VTC
Broad Maturities,SPHY,https://www.etf.com/SPHY
Broad Maturities,EUSB,https://www.etf.com/EUSB
Broad Maturities,LEMB,https://www.etf.com/LEMB
Broad Maturities,BNDW,https://www.etf.com/BNDW
Broad Maturities,FPEI,https://www.etf.com/FPEI
Broad Maturities,NYF,https://www.etf.com/NYF
Broad Maturities,CEMB,https://www.etf.com/CEMB
Broad Maturities,EMHY,https://www.etf.com/EMHY
Broad Maturities,MMIN,https://www.etf.com/MMIN
Broad Maturities,WIP,https://www.etf.com/WIP
Broad Maturities,IG,https://www.etf.com/IG
Broad Maturities,PREF,https://www.etf.com/PREF
Broad Maturities,PLW,https://www.etf.com/PLW
Broad Maturities,GNMA,https://www.etf.com/GNMA
Broad Maturities,FLGV,https://www.etf.com/FLGV
Broad Maturities,FLHY,https://www.etf.com/FLHY
Broad Maturities,FMHI,https://www.etf.com/FMHI
Broad Maturities,SPBO,https://www.etf.com/SPBO
Broad Maturities,NUAG,https://www.etf.com/NUAG
Broad Maturities,JPIB,https://www.etf.com/JPIB
Broad Maturities,DFCF,https://www.etf.com/DFCF
Broad Maturities,VCEB,https://www.etf.com/VCEB
Broad Maturities,FDHY,https://www.etf.com/FDHY
Broad Maturities,FEMB,https://www.etf.com/FEMB
Broad Maturities,HCRB,https://www.etf.com/HCRB
Broad Maturities,TIPZ,https://www.etf.com/TIPZ
Broad Maturities,DEED,https://www.etf.com/DEED
Broad Maturities,NUBD,https://www.etf.com/NUBD
Broad Maturities,BGRN,https://www.etf.com/BGRN
Broad Maturities,JCPB,https://www.etf.com/JCPB
Broad Maturities,GCOR,https://www.etf.com/GCOR
Broad Maturities,FCOR,https://www.etf.com/FCOR
Broad Maturities,HMOP,https://www.etf.com/HMOP
Broad Maturities,BKAG,https://www.etf.com/BKAG
Broad Maturities,FLDR,https://www.etf.com/FLDR
Broad Maturities,TAXF,https://www.etf.com/TAXF
Broad Maturities,HYZD,https://www.etf.com/HYZD
Broad Maturities,SPFF,https://www.etf.com/SPFF
Broad Maturities,FCVT,https://www.etf.com/FCVT
Broad Maturities,XMPT,https://www.etf.com/XMPT
Broad Maturities,GTIP,https://www.etf.com/GTIP
Broad Maturities,FLIA,https://www.etf.com/FLIA
Broad Maturities,GHYB,https://www.etf.com/GHYB
Broad Maturities,WFHY,https://www.etf.com/WFHY
Broad Maturities,MUST,https://www.etf.com/MUST
Broad Maturities,EPRF,https://www.etf.com/EPRF
Broad Maturities,EMHC,https://www.etf.com/EMHC
Broad Maturities,HYDB,https://www.etf.com/HYDB
Broad Maturities,CBON,https://www.etf.com/CBON
Broad Maturities,HYXF,https://www.etf.com/HYXF
Broad Maturities,BNDD,https://www.etf.com/BNDD
Broad Maturities,FFTI,https://www.etf.com/FFTI
Broad Maturities,HYGH,https://www.etf.com/HYGH
Broad Maturities,IGEB,https://www.etf.com/IGEB
Broad Maturities,OVB,https://www.etf.com/OVB
Broad Maturities,PICB,https://www.etf.com/PICB
Broad Maturities,HYHG,https://www.etf.com/HYHG
Broad Maturities,GHYG,https://www.etf.com/GHYG
Broad Maturities,RIGS,https://www.etf.com/RIGS
Broad Maturities,EMBD,https://www.etf.com/EMBD
Broad Maturities,BNDC,https://www.etf.com/BNDC
Broad Maturities,AFIF,https://www.etf.com/AFIF
Broad Maturities,IBND,https://www.etf.com/IBND
Broad Maturities,HYLD,https://www.etf.com/HYLD
Broad Maturities,FISR,https://www.etf.com/FISR
Broad Maturities,MBSD,https://www.etf.com/MBSD
Broad Maturities,LQDI,https://www.etf.com/LQDI
Broad Maturities,FCAL,https://www.etf.com/FCAL
Broad Maturities,ELD,https://www.etf.com/ELD
Broad Maturities,WBND,https://www.etf.com/WBND
Broad Maturities,MUSI,https://www.etf.com/MUSI
Broad Maturities,AVIG,https://www.etf.com/AVIG
Broad Maturities,UCRD,https://www.etf.com/UCRD
Broad Maturities,PZT,https://www.etf.com/PZT
Broad Maturities,SJB,https://www.etf.com/SJB
Broad Maturities,BYLD,https://www.etf.com/BYLD
Broad Maturities,FIBR,https://www.etf.com/FIBR
Broad Maturities,GRNB,https://www.etf.com/GRNB
Broad Maturities,HTAB,https://www.etf.com/HTAB
Broad Maturities,NUHY,https://www.etf.com/NUHY
Broad Maturities,OWNS,https://www.etf.com/OWNS
Broad Maturities,PHYL,https://www.etf.com/PHYL
Broad Maturities,RFCI,https://www.etf.com/RFCI
Broad Maturities,EMTL,https://www.etf.com/EMTL
Broad Maturities,IHY,https://www.etf.com/IHY
Broad Maturities,DYLD,https://www.etf.com/DYLD
Broad Maturities,HYBB,https://www.etf.com/HYBB
Broad Maturities,JPMB,https://www.etf.com/JPMB
Broad Maturities,LQDB,https://www.etf.com/LQDB
Broad Maturities,HYXU,https://www.etf.com/HYXU
Broad Maturities,ESGB,https://www.etf.com/ESGB
Broad Maturities,EMCB,https://www.etf.com/EMCB
Broad Maturities,BKHY,https://www.etf.com/BKHY
Broad Maturities,RDFI,https://www.etf.com/RDFI
Broad Maturities,AGOV,https://www.etf.com/AGOV
Broad Maturities,DFHY,https://www.etf.com/DFHY
Broad Maturities,JIGB,https://www.etf.com/JIGB
Broad Maturities,PAB,https://www.etf.com/PAB
Broad Maturities,HSUN,https://www.etf.com/HSUN
Broad Maturities,FEIG,https://www.etf.com/FEIG
Broad Maturities,WFIG,https://www.etf.com/WFIG
Broad Maturities,JIB,https://www.etf.com/JIB
Broad Maturities,PTRB,https://www.etf.com/PTRB
Broad Maturities,SCRD,https://www.etf.com/SCRD
Broad Maturities,SPSK,https://www.etf.com/SPSK
Broad Maturities,OBND,https://www.etf.com/OBND
Broad Maturities,IHYF,https://www.etf.com/IHYF
Broad Maturities,PFIG,https://www.etf.com/PFIG
Broad Maturities,MINO,https://www.etf.com/MINO
Broad Maturities,MTGP,https://www.etf.com/MTGP
Broad Maturities,TAGG,https://www.etf.com/TAGG
Broad Maturities,KHYB,https://www.etf.com/KHYB
Broad Maturities,SIHY,https://www.etf.com/SIHY
Broad Maturities,HYLV,https://www.etf.com/HYLV
Broad Maturities,SIFI,https://www.etf.com/SIFI
Broad Maturities,FPFD,https://www.etf.com/FPFD
Broad Maturities,AVMU,https://www.etf.com/AVMU
Broad Maturities,FEHY,https://www.etf.com/FEHY
Broad Maturities,ESEB,https://www.etf.com/ESEB
Broad Maturities,QCON,https://www.etf.com/QCON
Broad Maturities,AEMB,https://www.etf.com/AEMB
Broad Maturities,RBND,https://www.etf.com/RBND
Broad Maturities,SSFI,https://www.etf.com/SSFI
Broad Maturities,STBL,https://www.etf.com/STBL
Broad Maturities,HYMU,https://www.etf.com/HYMU
Broad Maturities,EERN,https://www.etf.com/EERN
Broad Maturities,SPXB,https://www.etf.com/SPXB
Broad Maturities,ESHY,https://www.etf.com/ESHY
Broad Maturities,PQDI,https://www.etf.com/PQDI
Broad Maturities,HYUP,https://www.etf.com/HYUP
Broad Maturities,TGIF,https://www.etf.com/TGIF
Broad Maturities,PBND,https://www.etf.com/PBND
Broad Maturities,SDEF,https://www.etf.com/SDEF
Broad Maturities,RISR,https://www.etf.com/RISR
Broad Maturities,MCEF,https://www.etf.com/MCEF
Broad Maturities,TOTR,https://www.etf.com/TOTR
Broad Maturities,JHCB,https://www.etf.com/JHCB
Broad Maturities,RTAI,https://www.etf.com/RTAI
Broad Maturities,QPFF,https://www.etf.com/QPFF
Broad Maturities,JHMB,https://www.etf.com/JHMB
Broad Maturities,USBF,https://www.etf.com/USBF
Broad Maturities,ELQD,https://www.etf.com/ELQD
Broad Maturities,MINN,https://www.etf.com/MINN
Broad Maturities,ADFI,https://www.etf.com/ADFI
Broad Maturities,PFFL,https://www.etf.com/PFFL
Broad Maturities,JHPI,https://www.etf.com/JHPI
Broad Maturities,SMI,https://www.etf.com/SMI
Broad Maturities,MIG,https://www.etf.com/MIG
Broad Maturities,KBND,https://www.etf.com/KBND
Broad Maturities,OVM,https://www.etf.com/OVM
Broad Maturities,FMNY,https://www.etf.com/FMNY
Broad Maturities,JOJO,https://www.etf.com/JOJO
Broad Maturities,HYTR,https://www.etf.com/HYTR
Broad Maturities,FIGB,https://www.etf.com/FIGB
Broad Maturities,MBBB,https://www.etf.com/MBBB
Broad Maturities,EFIX,https://www.etf.com/EFIX
Broad Maturities,FLTN,https://www.etf.com/FLTN
Broad Maturities,UJB,https://www.etf.com/UJB
Broad Maturities,ESCR,https://www.etf.com/ESCR
Broad Maturities,FSEC,https://www.etf.com/FSEC
Broad Maturities,EMBH,https://www.etf.com/EMBH
Broad Maturities,REC,https://www.etf.com/REC
Broad Maturities,MAAX,https://www.etf.com/MAAX
Broad Maturities,MENV,https://www.etf.com/MENV
Broad Maturities,KDRN,https://www.etf.com/KDRN
Broad Maturities,HYBL,https://www.etf.com/HYBL
Broad Maturities,AGGH,https://www.etf.com/AGGH
Broad Maturities,CDX,https://www.etf.com/CDX
Broad Maturities,HYRM,https://www.etf.com/HYRM
Broad Maturities,VABS,https://www.etf.com/VABS
Broad Maturities,PFFA,https://www.etf.com/PFFA
Broad Maturities,PFFR,https://www.etf.com/PFFR
Broad Maturities,BLHY,https://www.etf.com/BLHY
Broad Maturities,NFLT,https://www.etf.com/NFLT
Broad Maturities,XHYI,https://www.etf.com/XHYI
Capital Appreciation,TDSC,https://www.etf.com/TDSC
Capital Appreciation,SWAN,https://www.etf.com/SWAN
Capital Appreciation,DMRL,https://www.etf.com/DMRL
Capital Appreciation,TDSD,https://www.etf.com/TDSD
Capital Appreciation,GAL,https://www.etf.com/GAL
Capital Appreciation,TDSB,https://www.etf.com/TDSB
Capital Appreciation,AGOX,https://www.etf.com/AGOX
Capital Appreciation,TDSE,https://www.etf.com/TDSE
Capital Appreciation,DMRI,https://www.etf.com/DMRI
Capital Appreciation,DALI,https://www.etf.com/DALI
Capital Appreciation,ZHDG,https://www.etf.com/ZHDG
Capital Appreciation,SPBC,https://www.etf.com/SPBC
Capital Appreciation,RISN,https://www.etf.com/RISN
Capital Appreciation,DMRM,https://www.etf.com/DMRM
Capital Appreciation,GMOM,https://www.etf.com/GMOM
Capital Appreciation,MPRO,https://www.etf.com/MPRO
Capital Appreciation,ROMO,https://www.etf.com/ROMO
Capital Appreciation,LEXI,https://www.etf.com/LEXI
Capital Appreciation,DMRE,https://www.etf.com/DMRE
Capital Appreciation,ISWN,https://www.etf.com/ISWN
Capital Appreciation,FFTG,https://www.etf.com/FFTG
Capital Appreciation,DMRS,https://www.etf.com/DMRS
Capital Appreciation,FFHG,https://www.etf.com/FFHG
Capital Appreciation,TCTL,https://www.etf.com/TCTL
Capital Appreciation,RHRX,https://www.etf.com/RHRX
Capital Appreciation,TDSA,https://www.etf.com/TDSA
Capital Appreciation,DSCF,https://www.etf.com/DSCF
Capital Appreciation,MSMR,https://www.etf.com/MSMR
Capital Appreciation,ERM,https://www.etf.com/ERM
Capital Appreciation,RRH,https://www.etf.com/RRH
Capital Appreciation,EUCG,https://www.etf.com/EUCG
Capital Appreciation,BITS,https://www.etf.com/BITS
Capital Appreciation,IWIN,https://www.etf.com/IWIN
Capital Appreciation,FOMO,https://www.etf.com/FOMO
Capital Appreciation,WLTG,https://www.etf.com/WLTG
Capital Appreciation,GLDB,https://www.etf.com/GLDB
Capital Appreciation,DWAT,https://www.etf.com/DWAT
Capital Appreciation,QSWN,https://www.etf.com/QSWN
Capital Appreciation,WLTH,https://www.etf.com/WLTH
Capital Appreciation,BFIX,https://www.etf.com/BFIX
Capital Appreciation,IRBA,https://www.etf.com/IRBA
Capital Appreciation,FATT,https://www.etf.com/FATT
Capital Appreciation,DEFN,https://www.etf.com/DEFN
Capital Appreciation,TEGS,https://www.etf.com/TEGS
Communications Equipment,IGN,https://www.etf.com/IGN
Conservative,AOK,https://www.etf.com/AOK
Conservative,CLSC,https://www.etf.com/CLSC
Conservative,VSPY,https://www.etf.com/VSPY
Conservative,EAOK,https://www.etf.com/EAOK
Conservative,SNUG,https://www.etf.com/SNUG
Conservative,PSMC,https://www.etf.com/PSMC
Conservative,SAVN,https://www.etf.com/SAVN
Construction & Engineering,PKB,https://www.etf.com/PKB
Construction & Engineering,FLM,https://www.etf.com/FLM
Consumer,PAWZ,https://www.etf.com/PAWZ
Consumer,ECON,https://www.etf.com/ECON
Consumer,INCO,https://www.etf.com/INCO
Consumer,AGNG,https://www.etf.com/AGNG
Consumer,KBUY,https://www.etf.com/KBUY
Consumer,BFIT,https://www.etf.com/BFIT
Consumer,HLGE,https://www.etf.com/HLGE
Consumer,GBUY,https://www.etf.com/GBUY
Consumer,VICE,https://www.etf.com/VICE
Consumer,LUXE,https://www.etf.com/LUXE
Consumer,BAD,https://www.etf.com/BAD
Consumer,SUBS,https://www.etf.com/SUBS
Consumer,HART,https://www.etf.com/HART
Consumer,EDUT,https://www.etf.com/EDUT
Consumer,ZGEN,https://www.etf.com/ZGEN
Consumer,LIV,https://www.etf.com/LIV
Consumer,OND,https://www.etf.com/OND
Consumer,CCON,https://www.etf.com/CCON
Consumer Discretionary,PAWZ,https://www.etf.com/PAWZ
Consumer Discretionary,ECON,https://www.etf.com/ECON
Consumer Discretionary,INCO,https://www.etf.com/INCO
Consumer Discretionary,AGNG,https://www.etf.com/AGNG
Consumer Discretionary,KBUY,https://www.etf.com/KBUY
Consumer Discretionary,BFIT,https://www.etf.com/BFIT
Consumer Discretionary,HLGE,https://www.etf.com/HLGE
Consumer Discretionary,GBUY,https://www.etf.com/GBUY
Consumer Discretionary,VICE,https://www.etf.com/VICE
Consumer Discretionary,LUXE,https://www.etf.com/LUXE
Consumer Discretionary,BAD,https://www.etf.com/BAD
Consumer Discretionary,SUBS,https://www.etf.com/SUBS
Consumer Discretionary,HART,https://www.etf.com/HART
Consumer Discretionary,EDUT,https://www.etf.com/EDUT
Consumer Discretionary,ZGEN,https://www.etf.com/ZGEN
Consumer Discretionary,LIV,https://www.etf.com/LIV
Consumer Discretionary,OND,https://www.etf.com/OND
Consumer Discretionary,CCON,https://www.etf.com/CCON
Derivative,BITO,https://www.etf.com/BITO
Derivative,UUP,https://www.etf.com/UUP
Derivative,USDU,https://www.etf.com/USDU
Derivative,UDN,https://www.etf.com/UDN
Derivative,BTF,https://www.etf.com/BTF
Derivative,CYB,https://www.etf.com/CYB
Derivative,XBTF,https://www.etf.com/XBTF
Derivative,CEW,https://www.etf.com/CEW
Derivative,CROC,https://www.etf.com/CROC
Derivative,EUFX,https://www.etf.com/EUFX
Derivative,EUO,https://www.etf.com/EUO
Derivative,ULE,https://www.etf.com/ULE
Derivative,YCS,https://www.etf.com/YCS
Derivative,YCL,https://www.etf.com/YCL
Environment,ERTH,https://www.etf.com/ERTH
Environment,GSFP,https://www.etf.com/GSFP
Environment,CTEC,https://www.etf.com/CTEC
Environment,EVX,https://www.etf.com/EVX
Environment,OCEN,https://www.etf.com/OCEN
Environment,GBLD,https://www.etf.com/GBLD
Financials,XLF,https://www.etf.com/XLF
Financials,VFH,https://www.etf.com/VFH
Financials,KRE,https://www.etf.com/KRE
Financials,KBE,https://www.etf.com/KBE
Financials,KBWB,https://www.etf.com/KBWB
Financials,FAS,https://www.etf.com/FAS
Financials,IYG,https://www.etf.com/IYG
Financials,IYF,https://www.etf.com/IYF
Financials,IXG,https://www.etf.com/IXG
Financials,EUFN,https://www.etf.com/EUFN
Financials,FNCL,https://www.etf.com/FNCL
Financials,FXO,https://www.etf.com/FXO
Financials,IAT,https://www.etf.com/IAT
Financials,REM,https://www.etf.com/REM
Financials,UYG,https://www.etf.com/UYG
Financials,IAI,https://www.etf.com/IAI
Financials,BIZD,https://www.etf.com/BIZD
Financials,RYF,https://www.etf.com/RYF
Financials,KIE,https://www.etf.com/KIE
Financials,KBWD,https://www.etf.com/KBWD
Financials,DPST,https://www.etf.com/DPST
Financials,FTXO,https://www.etf.com/FTXO
Financials,MORT,https://www.etf.com/MORT
Financials,PSP,https://www.etf.com/PSP
Financials,DFNL,https://www.etf.com/DFNL
Financials,KCE,https://www.etf.com/KCE
Financials,BNKU,https://www.etf.com/BNKU
Financials,QABA,https://www.etf.com/QABA
Financials,IAK,https://www.etf.com/IAK
Financials,CHIX,https://www.etf.com/CHIX
Financials,FAZ,https://www.etf.com/FAZ
Financials,PFI,https://www.etf.com/PFI
Financials,KBWR,https://www.etf.com/KBWR
Financials,KBWP,https://www.etf.com/KBWP
Financials,BDCZ,https://www.etf.com/BDCZ
Financials,PSCF,https://www.etf.com/PSCF
Financials,BDCX,https://www.etf.com/BDCX
Financials,MVRL,https://www.etf.com/MVRL
Financials,JHMF,https://www.etf.com/JHMF
Financials,PEX,https://www.etf.com/PEX
Financials,SKF,https://www.etf.com/SKF
Financials,IEFN,https://www.etf.com/IEFN
Financials,INDF,https://www.etf.com/INDF
Financials,SEF,https://www.etf.com/SEF
Financials,BNKD,https://www.etf.com/BNKD
Floating Rate,SRLN,https://www.etf.com/SRLN
Floating Rate,FLOT,https://www.etf.com/FLOT
Floating Rate,BKLN,https://www.etf.com/BKLN
Floating Rate,FTSL,https://www.etf.com/FTSL
Floating Rate,FLRN,https://www.etf.com/FLRN
Floating Rate,USFR,https://www.etf.com/USFR
Floating Rate,VRP,https://www.etf.com/VRP
Floating Rate,JAAA,https://www.etf.com/JAAA
Floating Rate,FLTR,https://www.etf.com/FLTR
Floating Rate,VRIG,https://www.etf.com/VRIG
Floating Rate,TFLO,https://www.etf.com/TFLO
Floating Rate,FLBL,https://www.etf.com/FLBL
Floating Rate,PFFV,https://www.etf.com/PFFV
Floating Rate,JBBB,https://www.etf.com/JBBB
Floating Rate,FLRT,https://www.etf.com/FLRT
Floating Rate,PVI,https://www.etf.com/PVI
Floating Rate,SNLN,https://www.etf.com/SNLN
Floating Rate,AAA,https://www.etf.com/AAA
Floating Rate,SEIX,https://www.etf.com/SEIX
Front Month,GSG,https://www.etf.com/GSG
Front Month,DJP,https://www.etf.com/DJP
Front Month,UNG,https://www.etf.com/UNG
Front Month,BNO,https://www.etf.com/BNO
Front Month,USOI,https://www.etf.com/USOI
Front Month,RJA,https://www.etf.com/RJA
Front Month,RJI,https://www.etf.com/RJI
Front Month,JO,https://www.etf.com/JO
Front Month,UGA,https://www.etf.com/UGA
Front Month,JJC,https://www.etf.com/JJC
Front Month,JJN,https://www.etf.com/JJN
Front Month,JJG,https://www.etf.com/JJG
Front Month,GSP,https://www.etf.com/GSP
Front Month,BCIM,https://www.etf.com/BCIM
Front Month,SGG,https://www.etf.com/SGG
Front Month,BAL,https://www.etf.com/BAL
Front Month,JJT,https://www.etf.com/JJT
Front Month,JJA,https://www.etf.com/JJA
Front Month,JJU,https://www.etf.com/JJU
Front Month,NIB,https://www.etf.com/NIB
Front Month,COW,https://www.etf.com/COW
Front Month,JJM,https://www.etf.com/JJM
Front Month,JJS,https://www.etf.com/JJS
Front Month,GAZ,https://www.etf.com/GAZ
Front Month,RJZ,https://www.etf.com/RJZ
Front Month,RJN,https://www.etf.com/RJN
Front Month,PGM,https://www.etf.com/PGM
Front Month,JJP,https://www.etf.com/JJP
Front Month,JJE,https://www.etf.com/JJE
Front Month,LD,https://www.etf.com/LD
Front Month,AGQ,https://www.etf.com/AGQ
Front Month,GLL,https://www.etf.com/GLL
Front Month,UGL,https://www.etf.com/UGL
Front Month,ZSL,https://www.etf.com/ZSL
Growth,VUG,https://www.etf.com/VUG
Growth,IWF,https://www.etf.com/IWF
Growth,IVW,https://www.etf.com/IVW
Growth,SCHG,https://www.etf.com/SCHG
Growth,VBK,https://www.etf.com/VBK
Growth,IWP,https://www.etf.com/IWP
Growth,SPYG,https://www.etf.com/SPYG
Growth,MGK,https://www.etf.com/MGK
Growth,IUSG,https://www.etf.com/IUSG
Growth,EFG,https://www.etf.com/EFG
Growth,VOT,https://www.etf.com/VOT
Growth,IWO,https://www.etf.com/IWO
Growth,VONG,https://www.etf.com/VONG
Growth,IJK,https://www.etf.com/IJK
Growth,VOOG,https://www.etf.com/VOOG
Growth,IJT,https://www.etf.com/IJT
Growth,IWY,https://www.etf.com/IWY
Growth,RPG,https://www.etf.com/RPG
Growth,SLYG,https://www.etf.com/SLYG
Growth,ILCG,https://www.etf.com/ILCG
Growth,MDYG,https://www.etf.com/MDYG
Growth,IMCG,https://www.etf.com/IMCG
Growth,FTC,https://www.etf.com/FTC
Growth,NULG,https://www.etf.com/NULG
Growth,SPGP,https://www.etf.com/SPGP
Growth,IVOG,https://www.etf.com/IVOG
Growth,PWB,https://www.etf.com/PWB
Growth,VTWG,https://www.etf.com/VTWG
Growth,TMFG,https://www.etf.com/TMFG
Growth,VIOG,https://www.etf.com/VIOG
Growth,FBCG,https://www.etf.com/FBCG
Growth,SFY,https://www.etf.com/SFY
Growth,ISCG,https://www.etf.com/ISCG
Growth,NUMG,https://www.etf.com/NUMG
Growth,RFG,https://www.etf.com/RFG
Growth,FNY,https://www.etf.com/FNY
Growth,FYC,https://www.etf.com/FYC
Growth,LRGE,https://www.etf.com/LRGE
Growth,TMFM,https://www.etf.com/TMFM
Growth,TCHP,https://www.etf.com/TCHP
Growth,FAD,https://www.etf.com/FAD
Growth,CACG,https://www.etf.com/CACG
Growth,JSMD,https://www.etf.com/JSMD
Growth,FBGX,https://www.etf.com/FBGX
Growth,FDG,https://www.etf.com/FDG
Growth,RZG,https://www.etf.com/RZG
Growth,TMFS,https://www.etf.com/TMFS
Growth,JSML,https://www.etf.com/JSML
Growth,MMLG,https://www.etf.com/MMLG
Growth,HFGO,https://www.etf.com/HFGO
Growth,GLIN,https://www.etf.com/GLIN
Growth,LCG,https://www.etf.com/LCG
Growth,JIG,https://www.etf.com/JIG
Growth,FGRO,https://www.etf.com/FGRO
Growth,SFYX,https://www.etf.com/SFYX
Growth,TGRW,https://www.etf.com/TGRW
Growth,FFSG,https://www.etf.com/FFSG
Growth,BUL,https://www.etf.com/BUL
Growth,FRTY,https://www.etf.com/FRTY
Growth,IWFL,https://www.etf.com/IWFL
Growth,GLCN,https://www.etf.com/GLCN
Growth,RWGV,https://www.etf.com/RWGV
Growth,PLAT,https://www.etf.com/PLAT
Growth,BFTR,https://www.etf.com/BFTR
Growth,ATFV,https://www.etf.com/ATFV
Growth,PGRO,https://www.etf.com/PGRO
Growth,WINN,https://www.etf.com/WINN
Growth,ESGY,https://www.etf.com/ESGY
Growth,NDVG,https://www.etf.com/NDVG
Growth,NWLG,https://www.etf.com/NWLG
Growth,STLG,https://www.etf.com/STLG
Growth,WGRO,https://www.etf.com/WGRO
Growth,GGRW,https://www.etf.com/GGRW
Growth,MMSC,https://www.etf.com/MMSC
Growth,IVSG,https://www.etf.com/IVSG
Growth,IVDG,https://www.etf.com/IVDG
Growth,AILG,https://www.etf.com/AILG
Growth,CBTG,https://www.etf.com/CBTG
Growth,MID,https://www.etf.com/MID
Growth,HIPR,https://www.etf.com/HIPR
Growth,TAAG,https://www.etf.com/TAAG
Growth,FRLG,https://www.etf.com/FRLG
Health Care Equipment & Supplies,XHE,https://www.etf.com/XHE
Health Care Providers & Services,XHS,https://www.etf.com/XHS
Healthcare,XLV,https://www.etf.com/XLV
Healthcare,VHT,https://www.etf.com/VHT
Healthcare,IBB,https://www.etf.com/IBB
Healthcare,IHI,https://www.etf.com/IHI
Healthcare,XBI,https://www.etf.com/XBI
Healthcare,IXJ,https://www.etf.com/IXJ
Healthcare,IYH,https://www.etf.com/IYH
Healthcare,FHLC,https://www.etf.com/FHLC
Healthcare,FBT,https://www.etf.com/FBT
Healthcare,FXH,https://www.etf.com/FXH
Healthcare,IHF,https://www.etf.com/IHF
Healthcare,RYH,https://www.etf.com/RYH
Healthcare,LABU,https://www.etf.com/LABU
Healthcare,XHE,https://www.etf.com/XHE
Healthcare,BBH,https://www.etf.com/BBH
Healthcare,PSCH,https://www.etf.com/PSCH
Healthcare,IHE,https://www.etf.com/IHE
Healthcare,PJP,https://www.etf.com/PJP
Healthcare,PTH,https://www.etf.com/PTH
Healthcare,PPH,https://www.etf.com/PPH
Healthcare,PBE,https://www.etf.com/PBE
Healthcare,CURE,https://www.etf.com/CURE
Healthcare,EDOC,https://www.etf.com/EDOC
Healthcare,XPH,https://www.etf.com/XPH
Healthcare,HTEC,https://www.etf.com/HTEC
Healthcare,SBIO,https://www.etf.com/SBIO
Healthcare,RXL,https://www.etf.com/RXL
Healthcare,BIB,https://www.etf.com/BIB
Healthcare,KURE,https://www.etf.com/KURE
Healthcare,XHS,https://www.etf.com/XHS
Healthcare,BTEC,https://www.etf.com/BTEC
Healthcare,LABD,https://www.etf.com/LABD
Healthcare,JHMH,https://www.etf.com/JHMH
Healthcare,IEHS,https://www.etf.com/IEHS
Healthcare,IEIH,https://www.etf.com/IEIH
Healthcare,GERM,https://www.etf.com/GERM
Healthcare,PINK,https://www.etf.com/PINK
Healthcare,PILL,https://www.etf.com/PILL
Healthcare,CNCR,https://www.etf.com/CNCR
Healthcare,IBBQ,https://www.etf.com/IBBQ
Healthcare,GDOC,https://www.etf.com/GDOC
Healthcare,FTXH,https://www.etf.com/FTXH
Healthcare,CHIH,https://www.etf.com/CHIH
Healthcare,BIS,https://www.etf.com/BIS
Healthcare,FDHT,https://www.etf.com/FDHT
Healthcare,PSY,https://www.etf.com/PSY
Healthcare,BMED,https://www.etf.com/BMED
Healthcare,PSIL,https://www.etf.com/PSIL
Healthcare,CHNA,https://www.etf.com/CHNA
Healthcare,APXH,https://www.etf.com/APXH
Healthcare,MSGR,https://www.etf.com/MSGR
Healthcare,CHB,https://www.etf.com/CHB
Healthcare,KMED,https://www.etf.com/KMED
Healthcare,RXD,https://www.etf.com/RXD
Healthcare,XDNA,https://www.etf.com/XDNA
Healthcare,PSYK,https://www.etf.com/PSYK
Healthcare,MDEV,https://www.etf.com/MDEV
Healthcare,BBP,https://www.etf.com/BBP
Healthcare,BBC,https://www.etf.com/BBC
Hedge Funds,RPAR,https://www.etf.com/RPAR
Hedge Funds,QAI,https://www.etf.com/QAI
Hedge Funds,MNA,https://www.etf.com/MNA
Hedge Funds,FTLS,https://www.etf.com/FTLS
Hedge Funds,CCOR,https://www.etf.com/CCOR
Hedge Funds,RLY,https://www.etf.com/RLY
Hedge Funds,WTMF,https://www.etf.com/WTMF
Hedge Funds,FAAR,https://www.etf.com/FAAR
Hedge Funds,BTAL,https://www.etf.com/BTAL
Hedge Funds,ARB,https://www.etf.com/ARB
Hedge Funds,FMF,https://www.etf.com/FMF
Hedge Funds,DALT,https://www.etf.com/DALT
Hedge Funds,MRGR,https://www.etf.com/MRGR
Hedge Funds,EOPS,https://www.etf.com/EOPS
Hedge Funds,FLSP,https://www.etf.com/FLSP
Hedge Funds,GAA,https://www.etf.com/GAA
Hedge Funds,HDG,https://www.etf.com/HDG
Hedge Funds,TRTY,https://www.etf.com/TRTY
Hedge Funds,RAAX,https://www.etf.com/RAAX
Hedge Funds,MSVX,https://www.etf.com/MSVX
Hedge Funds,ALTY,https://www.etf.com/ALTY
Hedge Funds,PPI,https://www.etf.com/PPI
Hedge Funds,KMLM,https://www.etf.com/KMLM
Hedge Funds,DFND,https://www.etf.com/DFND
Hedge Funds,VEGA,https://www.etf.com/VEGA
Hedge Funds,DBV,https://www.etf.com/DBV
Hedge Funds,HTUS,https://www.etf.com/HTUS
Hedge Funds,ASPY,https://www.etf.com/ASPY
Hedge Funds,CPI,https://www.etf.com/CPI
Hedge Funds,FORH,https://www.etf.com/FORH
Hedge Funds,UPAR,https://www.etf.com/UPAR
Hedge Funds,QLS,https://www.etf.com/QLS
Hedge Funds,QMN,https://www.etf.com/QMN
Hedge Funds,QED,https://www.etf.com/QED
Hedge Funds,MARB,https://www.etf.com/MARB
Hedge Funds,ALTS,https://www.etf.com/ALTS
Hedge Funds,LBAY,https://www.etf.com/LBAY
Hedge Funds,CBLS,https://www.etf.com/CBLS
Hedge Funds,FUT,https://www.etf.com/FUT
Hedge Funds,MCRO,https://www.etf.com/MCRO
Hedge Funds,DIVA,https://www.etf.com/DIVA
Hedge Funds,RALS,https://www.etf.com/RALS
Hedge Funds,EVNT,https://www.etf.com/EVNT
Hedge Funds,DBEH,https://www.etf.com/DBEH
Hedge Funds,DBMF,https://www.etf.com/DBMF
Homebuilding,ITB,https://www.etf.com/ITB
Homebuilding,XHB,https://www.etf.com/XHB
Homebuilding,NAIL,https://www.etf.com/NAIL
Homebuilding,OWNS,https://www.etf.com/OWNS
Homebuilding,HOMZ,https://www.etf.com/HOMZ
In Specie,FXY,https://www.etf.com/FXY
In Specie,FXA,https://www.etf.com/FXA
In Specie,FXB,https://www.etf.com/FXB
In Specie,FXC,https://www.etf.com/FXC
In Specie,FXF,https://www.etf.com/FXF
In Specie,FXE,https://www.etf.com/FXE
Income,HNDL,https://www.etf.com/HNDL
Income,PCEF,https://www.etf.com/PCEF
Income,MDIV,https://www.etf.com/MDIV
Income,YYY,https://www.etf.com/YYY
Income,YLD,https://www.etf.com/YLD
Income,IYLD,https://www.etf.com/IYLD
Income,CVY,https://www.etf.com/CVY
Income,INKM,https://www.etf.com/INKM
Income,FDIV,https://www.etf.com/FDIV
Income,CEFS,https://www.etf.com/CEFS
Income,CYA,https://www.etf.com/CYA
Income,HIPS,https://www.etf.com/HIPS
Income,AHHX,https://www.etf.com/AHHX
Income,WBII,https://www.etf.com/WBII
Income,QDPL,https://www.etf.com/QDPL
Income,GYLD,https://www.etf.com/GYLD
Income,FCEF,https://www.etf.com/FCEF
Income,THY,https://www.etf.com/THY
Income,IDIV,https://www.etf.com/IDIV
Income,MAMB,https://www.etf.com/MAMB
Income,CEFD,https://www.etf.com/CEFD
Income,TWIO,https://www.etf.com/TWIO
Income,RULE,https://www.etf.com/RULE
Income,HYIN,https://www.etf.com/HYIN
Income,MFUL,https://www.etf.com/MFUL
Income,FIVR,https://www.etf.com/FIVR
Income,TRPL,https://www.etf.com/TRPL
Income,HOM,https://www.etf.com/HOM
Income,CHLD,https://www.etf.com/CHLD
Income,SUNY,https://www.etf.com/SUNY
Income,VPC,https://www.etf.com/VPC
Income & Capital Appreciation,DRSK,https://www.etf.com/DRSK
Income & Capital Appreciation,TAIL,https://www.etf.com/TAIL
Income & Capital Appreciation,GDMA,https://www.etf.com/GDMA
Income & Capital Appreciation,AMAX,https://www.etf.com/AMAX
Income & Capital Appreciation,MRSK,https://www.etf.com/MRSK
Income & Capital Appreciation,WBIT,https://www.etf.com/WBIT
Income & Capital Appreciation,RHTX,https://www.etf.com/RHTX
Income & Capital Appreciation,RORO,https://www.etf.com/RORO
Income & Capital Appreciation,OPPX,https://www.etf.com/OPPX
Income & Capital Appreciation,LCR,https://www.etf.com/LCR
Income & Capital Appreciation,FAIL,https://www.etf.com/FAIL
Income & Capital Appreciation,GDMN,https://www.etf.com/GDMN
Industrials,XLI,https://www.etf.com/XLI
Industrials,VIS,https://www.etf.com/VIS
Industrials,JETS,https://www.etf.com/JETS
Industrials,ITA,https://www.etf.com/ITA
Industrials,FXR,https://www.etf.com/FXR
Industrials,IYT,https://www.etf.com/IYT
Industrials,IYJ,https://www.etf.com/IYJ
Industrials,FTXR,https://www.etf.com/FTXR
Industrials,XAR,https://www.etf.com/XAR
Industrials,XTN,https://www.etf.com/XTN
Industrials,FIDU,https://www.etf.com/FIDU
Industrials,PPA,https://www.etf.com/PPA
Industrials,RGI,https://www.etf.com/RGI
Industrials,EXI,https://www.etf.com/EXI
Industrials,DFEN,https://www.etf.com/DFEN
Industrials,AIRR,https://www.etf.com/AIRR
Industrials,PKB,https://www.etf.com/PKB
Industrials,PRN,https://www.etf.com/PRN
Industrials,PSCI,https://www.etf.com/PSCI
Industrials,TPOR,https://www.etf.com/TPOR
Industrials,DUSL,https://www.etf.com/DUSL
Industrials,CHII,https://www.etf.com/CHII
Industrials,UXI,https://www.etf.com/UXI
Industrials,BOAT,https://www.etf.com/BOAT
Industrials,JHMI,https://www.etf.com/JHMI
Industrials,FLM,https://www.etf.com/FLM
Industrials,SEA,https://www.etf.com/SEA
Industrials,SIJ,https://www.etf.com/SIJ
Industrials,MAKX,https://www.etf.com/MAKX
Industrials,SHLD,https://www.etf.com/SHLD
Inflation,RLY,https://www.etf.com/RLY
Inflation,PFIX,https://www.etf.com/PFIX
Inflation,RAAX,https://www.etf.com/RAAX
Inflation,PPI,https://www.etf.com/PPI
Inflation,RINF,https://www.etf.com/RINF
Inflation,CPI,https://www.etf.com/CPI
Insurance,KIE,https://www.etf.com/KIE
Insurance,IAK,https://www.etf.com/IAK
Intermediate,VCIT,https://www.etf.com/VCIT
Intermediate,IEF,https://www.etf.com/IEF
Intermediate,BIV,https://www.etf.com/BIV
Intermediate,IGIB,https://www.etf.com/IGIB
Intermediate,IEI,https://www.etf.com/IEI
Intermediate,VGIT,https://www.etf.com/VGIT
Intermediate,SPIB,https://www.etf.com/SPIB
Intermediate,SPTI,https://www.etf.com/SPTI
Intermediate,SCHR,https://www.etf.com/SCHR
Intermediate,GVI,https://www.etf.com/GVI
Intermediate,ITM,https://www.etf.com/ITM
Intermediate,IBDO,https://www.etf.com/IBDO
Intermediate,IBDP,https://www.etf.com/IBDP
Intermediate,TDTT,https://www.etf.com/TDTT
Intermediate,TIPX,https://www.etf.com/TIPX
Intermediate,IBDQ,https://www.etf.com/IBDQ
Intermediate,UITB,https://www.etf.com/UITB
Intermediate,BSCP,https://www.etf.com/BSCP
Intermediate,IBDR,https://www.etf.com/IBDR
Intermediate,PHB,https://www.etf.com/PHB
Intermediate,MUNI,https://www.etf.com/MUNI
Intermediate,TDTF,https://www.etf.com/TDTF
Intermediate,BSCQ,https://www.etf.com/BSCQ
Intermediate,IBDS,https://www.etf.com/IBDS
Intermediate,SHYD,https://www.etf.com/SHYD
Intermediate,GBF,https://www.etf.com/GBF
Intermediate,BSCR,https://www.etf.com/BSCR
Intermediate,VBND,https://www.etf.com/VBND
Intermediate,SCHI,https://www.etf.com/SCHI
Intermediate,BSJP,https://www.etf.com/BSJP
Intermediate,IBDT,https://www.etf.com/IBDT
Intermediate,SKOR,https://www.etf.com/SKOR
Intermediate,MMIT,https://www.etf.com/MMIT
Intermediate,BSCS,https://www.etf.com/BSCS
Intermediate,IBD,https://www.etf.com/IBD
Intermediate,UBND,https://www.etf.com/UBND
Intermediate,IBMN,https://www.etf.com/IBMN
Intermediate,BSJQ,https://www.etf.com/BSJQ
Intermediate,IBDU,https://www.etf.com/IBDU
Intermediate,IBMO,https://www.etf.com/IBMO
Intermediate,KORP,https://www.etf.com/KORP
Intermediate,PIFI,https://www.etf.com/PIFI
Intermediate,IBDV,https://www.etf.com/IBDV
Intermediate,BSCT,https://www.etf.com/BSCT
Intermediate,TBX,https://www.etf.com/TBX
Intermediate,JPIE,https://www.etf.com/JPIE
Intermediate,IMTB,https://www.etf.com/IMTB
Intermediate,PST,https://www.etf.com/PST
Intermediate,IIGD,https://www.etf.com/IIGD
Intermediate,JMUB,https://www.etf.com/JMUB
Intermediate,BSCU,https://www.etf.com/BSCU
Intermediate,IBMP,https://www.etf.com/IBMP
Intermediate,IBMQ,https://www.etf.com/IBMQ
Intermediate,DFNM,https://www.etf.com/DFNM
Intermediate,FLMI,https://www.etf.com/FLMI
Intermediate,IBTF,https://www.etf.com/IBTF
Intermediate,IBTG,https://www.etf.com/IBTG
Intermediate,IBHD,https://www.etf.com/IBHD
Intermediate,IBTK,https://www.etf.com/IBTK
Intermediate,BSJR,https://www.etf.com/BSJR
Intermediate,MMCA,https://www.etf.com/MMCA
Intermediate,IIGV,https://www.etf.com/IIGV
Intermediate,BSMP,https://www.etf.com/BSMP
Intermediate,IBHE,https://www.etf.com/IBHE
Intermediate,AHYB,https://www.etf.com/AHYB
Intermediate,MBND,https://www.etf.com/MBND
Intermediate,TYO,https://www.etf.com/TYO
Intermediate,IBDW,https://www.etf.com/IBDW
Intermediate,IBTH,https://www.etf.com/IBTH
Intermediate,BSMQ,https://www.etf.com/BSMQ
Intermediate,INMU,https://www.etf.com/INMU
Intermediate,IBHF,https://www.etf.com/IBHF
Intermediate,TYD,https://www.etf.com/TYD
Intermediate,BSMS,https://www.etf.com/BSMS
Intermediate,BSMR,https://www.etf.com/BSMR
Intermediate,BSCV,https://www.etf.com/BSCV
Intermediate,UST,https://www.etf.com/UST
Intermediate,IBTI,https://www.etf.com/IBTI
Intermediate,BSMT,https://www.etf.com/BSMT
Intermediate,IBTJ,https://www.etf.com/IBTJ
Intermediate,BSJS,https://www.etf.com/BSJS
Intermediate,IBHG,https://www.etf.com/IBHG
Intermediate,BSMU,https://www.etf.com/BSMU
Intermediate,BSMV,https://www.etf.com/BSMV
Intermediate,BSJT,https://www.etf.com/BSJT
Intermediate,IBTL,https://www.etf.com/IBTL
Intermediate,BTC,https://www.etf.com/BTC
Intermediate,FFIU,https://www.etf.com/FFIU
Internet,KWEB,https://www.etf.com/KWEB
Internet,FDN,https://www.etf.com/FDN
Internet,ARKW,https://www.etf.com/ARKW
Internet,EMQQ,https://www.etf.com/EMQQ
Internet,METV,https://www.etf.com/METV
Internet,PNQI,https://www.etf.com/PNQI
Internet,SNSR,https://www.etf.com/SNSR
Internet,OGIG,https://www.etf.com/OGIG
Internet,CWEB,https://www.etf.com/CWEB
Internet,WEBL,https://www.etf.com/WEBL
Internet,FDNI,https://www.etf.com/FDNI
Internet,XWEB,https://www.etf.com/XWEB
Internet,MTVR,https://www.etf.com/MTVR
Internet,WEBS,https://www.etf.com/WEBS
Internet,FMQQ,https://www.etf.com/FMQQ
Internet,EWEB,https://www.etf.com/EWEB
Internet,PUNK,https://www.etf.com/PUNK
Internet,META,https://www.etf.com/META
Laddered,USO,https://www.etf.com/USO
Laddered,USL,https://www.etf.com/USL
Laddered,CORN,https://www.etf.com/CORN
Laddered,OILK,https://www.etf.com/OILK
Laddered,WEAT,https://www.etf.com/WEAT
Laddered,UCIB,https://www.etf.com/UCIB
Laddered,BDRY,https://www.etf.com/BDRY
Laddered,SOYB,https://www.etf.com/SOYB
Laddered,UNL,https://www.etf.com/UNL
Laddered,CANE,https://www.etf.com/CANE
Laddered,SBUG,https://www.etf.com/SBUG
Laddered,TAGS,https://www.etf.com/TAGS
Laddered,GRU,https://www.etf.com/GRU
Laddered,FUE,https://www.etf.com/FUE
Laddered,UCO,https://www.etf.com/UCO
Laddered,SCO,https://www.etf.com/SCO
Long-Term,SPTL,https://www.etf.com/SPTL
Long-Term,BLV,https://www.etf.com/BLV
Long-Term,TFI,https://www.etf.com/TFI
Long-Term,VCLT,https://www.etf.com/VCLT
Long-Term,VGLT,https://www.etf.com/VGLT
Long-Term,TLH,https://www.etf.com/TLH
Long-Term,IGLB,https://www.etf.com/IGLB
Long-Term,TBT,https://www.etf.com/TBT
Long-Term,EDV,https://www.etf.com/EDV
Long-Term,SPLB,https://www.etf.com/SPLB
Long-Term,TBF,https://www.etf.com/TBF
Long-Term,LTPZ,https://www.etf.com/LTPZ
Long-Term,PWZ,https://www.etf.com/PWZ
Long-Term,IGBH,https://www.etf.com/IGBH
Long-Term,ZROZ,https://www.etf.com/ZROZ
Long-Term,TMF,https://www.etf.com/TMF
Long-Term,TMV,https://www.etf.com/TMV
Long-Term,GOVZ,https://www.etf.com/GOVZ
Long-Term,ILTB,https://www.etf.com/ILTB
Long-Term,TTT,https://www.etf.com/TTT
Long-Term,MLN,https://www.etf.com/MLN
Long-Term,RVNU,https://www.etf.com/RVNU
Long-Term,FLMB,https://www.etf.com/FLMB
Long-Term,DFIP,https://www.etf.com/DFIP
Long-Term,SCHQ,https://www.etf.com/SCHQ
Long-Term,LKOR,https://www.etf.com/LKOR
Long-Term,UBT,https://www.etf.com/UBT
Long-Term,TYA,https://www.etf.com/TYA
Long-Term,LGOV,https://www.etf.com/LGOV
Long-Term,TFJL,https://www.etf.com/TFJL
Long-Term,TBJL,https://www.etf.com/TBJL
Long/Short Broad-based,WTMF,https://www.etf.com/WTMF
Long/Short Broad-based,FMF,https://www.etf.com/FMF
Long/Short Broad-based,KMLM,https://www.etf.com/KMLM
Long/Short Broad-based,QLS,https://www.etf.com/QLS
Long/Short Broad-based,QMN,https://www.etf.com/QMN
Long/Short Broad-based,QED,https://www.etf.com/QED
Long/Short Broad-based,FUT,https://www.etf.com/FUT
Long/Short Broad-based,EVNT,https://www.etf.com/EVNT
Long/Short Broad-based,DBMF,https://www.etf.com/DBMF
Long/Short Commodities,FAAR,https://www.etf.com/FAAR
Long/Short Currency,DBV,https://www.etf.com/DBV
Long/Short Equity,FTLS,https://www.etf.com/FTLS
Long/Short Equity,CCOR,https://www.etf.com/CCOR
Long/Short Equity,BTAL,https://www.etf.com/BTAL
Long/Short Equity,EOPS,https://www.etf.com/EOPS
Long/Short Equity,MSVX,https://www.etf.com/MSVX
Long/Short Equity,DFND,https://www.etf.com/DFND
Long/Short Equity,ASPY,https://www.etf.com/ASPY
Long/Short Equity,LBAY,https://www.etf.com/LBAY
Long/Short Equity,CBLS,https://www.etf.com/CBLS
Long/Short Equity,DIVA,https://www.etf.com/DIVA
Long/Short Equity,RALS,https://www.etf.com/RALS
Long/Short Equity,DBEH,https://www.etf.com/DBEH
MLPs,AMLP,https://www.etf.com/AMLP
MLPs,AMJ,https://www.etf.com/AMJ
MLPs,EMLP,https://www.etf.com/EMLP
MLPs,MLPA,https://www.etf.com/MLPA
MLPs,MLPX,https://www.etf.com/MLPX
MLPs,TPYP,https://www.etf.com/TPYP
MLPs,MLPB,https://www.etf.com/MLPB
MLPs,ATMP,https://www.etf.com/ATMP
MLPs,UMI,https://www.etf.com/UMI
MLPs,AMUB,https://www.etf.com/AMUB
MLPs,ENFR,https://www.etf.com/ENFR
MLPs,AMNA,https://www.etf.com/AMNA
MLPs,AMTR,https://www.etf.com/AMTR
MLPs,MLPR,https://www.etf.com/MLPR
MLPs,AMND,https://www.etf.com/AMND
MLPs,MLPO,https://www.etf.com/MLPO
MLPs,PYPE,https://www.etf.com/PYPE
MLPs,IMLP,https://www.etf.com/IMLP
MLPs,AMZA,https://www.etf.com/AMZA
Marijuana,MSOS,https://www.etf.com/MSOS
Marijuana,MJ,https://www.etf.com/MJ
Marijuana,YOLO,https://www.etf.com/YOLO
Marijuana,POTX,https://www.etf.com/POTX
Marijuana,CNBS,https://www.etf.com/CNBS
Marijuana,THCX,https://www.etf.com/THCX
Marijuana,TOKE,https://www.etf.com/TOKE
Marijuana,PSDN,https://www.etf.com/PSDN
Marijuana,BUDX,https://www.etf.com/BUDX
Merger Arbitrage,MNA,https://www.etf.com/MNA
Merger Arbitrage,ARB,https://www.etf.com/ARB
Merger Arbitrage,MRGR,https://www.etf.com/MRGR
Merger Arbitrage,MARB,https://www.etf.com/MARB
Moderate,AOR,https://www.etf.com/AOR
Moderate,AOM,https://www.etf.com/AOM
Moderate,CLSM,https://www.etf.com/CLSM
Moderate,PSMB,https://www.etf.com/PSMB
Oil & Gas Equipment & Services,IEZ,https://www.etf.com/IEZ
Oil & Gas Exploration & Production,IEO,https://www.etf.com/IEO
Pharmaceuticals,IHE,https://www.etf.com/IHE
Pharmaceuticals,PJP,https://www.etf.com/PJP
Pharmaceuticals,PPH,https://www.etf.com/PPH
Pharmaceuticals,XPH,https://www.etf.com/XPH
Pharmaceuticals,PILL,https://www.etf.com/PILL
Pharmaceuticals,FTXH,https://www.etf.com/FTXH
Physically Held,GLD,https://www.etf.com/GLD
Physically Held,IAU,https://www.etf.com/IAU
Physically Held,SLV,https://www.etf.com/SLV
Physically Held,GLDM,https://www.etf.com/GLDM
Physically Held,SGOL,https://www.etf.com/SGOL
Physically Held,IAUM,https://www.etf.com/IAUM
Physically Held,PPLT,https://www.etf.com/PPLT
Physically Held,SIVR,https://www.etf.com/SIVR
Physically Held,GLTR,https://www.etf.com/GLTR
Physically Held,BAR,https://www.etf.com/BAR
Physically Held,AAAU,https://www.etf.com/AAAU
Physically Held,OUNZ,https://www.etf.com/OUNZ
Physically Held,PALL,https://www.etf.com/PALL
Physically Held,SLVO,https://www.etf.com/SLVO
Physically Held,GLDI,https://www.etf.com/GLDI
Physically Held,PLTM,https://www.etf.com/PLTM
Physically Held,IGLD,https://www.etf.com/IGLD
Physically Held,BGLD,https://www.etf.com/BGLD
Physically Held,WGLD,https://www.etf.com/WGLD
REIT,SCHH,https://www.etf.com/SCHH
REIT,REET,https://www.etf.com/REET
REIT,ICF,https://www.etf.com/ICF
REIT,USRT,https://www.etf.com/USRT
REIT,RWR,https://www.etf.com/RWR
REIT,BBRE,https://www.etf.com/BBRE
REIT,SRET,https://www.etf.com/SRET
REIT,KBWY,https://www.etf.com/KBWY
REIT,MORT,https://www.etf.com/MORT
REIT,FRI,https://www.etf.com/FRI
REIT,NURE,https://www.etf.com/NURE
REIT,VPN,https://www.etf.com/VPN
REIT,MVRL,https://www.etf.com/MVRL
REIT,SPRE,https://www.etf.com/SPRE
REIT,RDOG,https://www.etf.com/RDOG
REIT,REIT,https://www.etf.com/REIT
REIT,RITA,https://www.etf.com/RITA
REIT,PFFR,https://www.etf.com/PFFR
Real Estate,VNQ,https://www.etf.com/VNQ
Real Estate,SCHH,https://www.etf.com/SCHH
Real Estate,IYR,https://www.etf.com/IYR
Real Estate,XLRE,https://www.etf.com/XLRE
Real Estate,VNQI,https://www.etf.com/VNQI
Real Estate,REET,https://www.etf.com/REET
Real Estate,ICF,https://www.etf.com/ICF
Real Estate,USRT,https://www.etf.com/USRT
Real Estate,FREL,https://www.etf.com/FREL
Real Estate,RWR,https://www.etf.com/RWR
Real Estate,RWO,https://www.etf.com/RWO
Real Estate,BBRE,https://www.etf.com/BBRE
Real Estate,SRVR,https://www.etf.com/SRVR
Real Estate,REZ,https://www.etf.com/REZ
Real Estate,RWX,https://www.etf.com/RWX
Real Estate,HAUZ,https://www.etf.com/HAUZ
Real Estate,INDS,https://www.etf.com/INDS
Real Estate,GQRE,https://www.etf.com/GQRE
Real Estate,SRET,https://www.etf.com/SRET
Real Estate,KBWY,https://www.etf.com/KBWY
Real Estate,IFGL,https://www.etf.com/IFGL
Real Estate,FRI,https://www.etf.com/FRI
Real Estate,PPTY,https://www.etf.com/PPTY
Real Estate,EWRE,https://www.etf.com/EWRE
Real Estate,NETL,https://www.etf.com/NETL
Real Estate,NURE,https://www.etf.com/NURE
Real Estate,PSR,https://www.etf.com/PSR
Real Estate,URE,https://www.etf.com/URE
Real Estate,DRN,https://www.etf.com/DRN
Real Estate,VPN,https://www.etf.com/VPN
Real Estate,WPS,https://www.etf.com/WPS
Real Estate,DRW,https://www.etf.com/DRW
Real Estate,ROOF,https://www.etf.com/ROOF
Real Estate,FFR,https://www.etf.com/FFR
Real Estate,AVRE,https://www.etf.com/AVRE
Real Estate,SPRE,https://www.etf.com/SPRE
Real Estate,DRV,https://www.etf.com/DRV
Real Estate,RDOG,https://www.etf.com/RDOG
Real Estate,RIET,https://www.etf.com/RIET
Real Estate,BLDG,https://www.etf.com/BLDG
Real Estate,FPRO,https://www.etf.com/FPRO
Real Estate,REIT,https://www.etf.com/REIT
Real Estate,GREI,https://www.etf.com/GREI
Real Estate,SRS,https://www.etf.com/SRS
Real Estate,RITA,https://www.etf.com/RITA
Real Estate,JRE,https://www.etf.com/JRE
Real Estate,REK,https://www.etf.com/REK
Real Estate,CHIR,https://www.etf.com/CHIR
Real Estate,HHH,https://www.etf.com/HHH
Renewable Energy,ICLN,https://www.etf.com/ICLN
Renewable Energy,QCLN,https://www.etf.com/QCLN
Renewable Energy,TAN,https://www.etf.com/TAN
Renewable Energy,PBW,https://www.etf.com/PBW
Renewable Energy,ACES,https://www.etf.com/ACES
Renewable Energy,FAN,https://www.etf.com/FAN
Renewable Energy,CNRG,https://www.etf.com/CNRG
Renewable Energy,PBD,https://www.etf.com/PBD
Renewable Energy,RNRG,https://www.etf.com/RNRG
Renewable Energy,FRNW,https://www.etf.com/FRNW
Renewable Energy,RAYS,https://www.etf.com/RAYS
Renewable Energy,KLNE,https://www.etf.com/KLNE
Renewable Energy,SOLR,https://www.etf.com/SOLR
Renewable Energy,WNDY,https://www.etf.com/WNDY
Renewable Energy,CTEX,https://www.etf.com/CTEX
Renewable Energy,SHFT,https://www.etf.com/SHFT
Renewable Energy,VCLN,https://www.etf.com/VCLN
Renewable Energy,SULR,https://www.etf.com/SULR
Semiconductors,SOXX,https://www.etf.com/SOXX
Semiconductors,SMH,https://www.etf.com/SMH
Semiconductors,SOXL,https://www.etf.com/SOXL
Semiconductors,XSD,https://www.etf.com/XSD
Semiconductors,PSI,https://www.etf.com/PSI
Semiconductors,USD,https://www.etf.com/USD
Semiconductors,SOXS,https://www.etf.com/SOXS
Semiconductors,FTXL,https://www.etf.com/FTXL
Semiconductors,SOXQ,https://www.etf.com/SOXQ
Semiconductors,SSG,https://www.etf.com/SSG
Short-Term,VCSH,https://www.etf.com/VCSH
Short-Term,BSV,https://www.etf.com/BSV
Short-Term,IGSB,https://www.etf.com/IGSB
Short-Term,SHY,https://www.etf.com/SHY
Short-Term,VTIP,https://www.etf.com/VTIP
Short-Term,MINT,https://www.etf.com/MINT
Short-Term,VGSH,https://www.etf.com/VGSH
Short-Term,STIP,https://www.etf.com/STIP
Short-Term,SCHO,https://www.etf.com/SCHO
Short-Term,SPSB,https://www.etf.com/SPSB
Short-Term,SUB,https://www.etf.com/SUB
Short-Term,ISTB,https://www.etf.com/ISTB
Short-Term,LMBS,https://www.etf.com/LMBS
Short-Term,SHM,https://www.etf.com/SHM
Short-Term,SHYG,https://www.etf.com/SHYG
Short-Term,NEAR,https://www.etf.com/NEAR
Short-Term,FTSM,https://www.etf.com/FTSM
Short-Term,SPTS,https://www.etf.com/SPTS
Short-Term,SJNK,https://www.etf.com/SJNK
Short-Term,JMST,https://www.etf.com/JMST
Short-Term,VNLA,https://www.etf.com/VNLA
Short-Term,SLQD,https://www.etf.com/SLQD
Short-Term,BSCN,https://www.etf.com/BSCN
Short-Term,BSCO,https://www.etf.com/BSCO
Short-Term,PULS,https://www.etf.com/PULS
Short-Term,HYS,https://www.etf.com/HYS
Short-Term,IBDN,https://www.etf.com/IBDN
Short-Term,STPZ,https://www.etf.com/STPZ
Short-Term,LDUR,https://www.etf.com/LDUR
Short-Term,SUSB,https://www.etf.com/SUSB
Short-Term,BSJN,https://www.etf.com/BSJN
Short-Term,DFSD,https://www.etf.com/DFSD
Short-Term,SMMU,https://www.etf.com/SMMU
Short-Term,RAVI,https://www.etf.com/RAVI
Short-Term,BSJO,https://www.etf.com/BSJO
Short-Term,SCHJ,https://www.etf.com/SCHJ
Short-Term,USTB,https://www.etf.com/USTB
Short-Term,FTSD,https://www.etf.com/FTSD
Short-Term,IBML,https://www.etf.com/IBML
Short-Term,SMB,https://www.etf.com/SMB
Short-Term,MEAR,https://www.etf.com/MEAR
Short-Term,AGZD,https://www.etf.com/AGZD
Short-Term,FLTB,https://www.etf.com/FLTB
Short-Term,LDSF,https://www.etf.com/LDSF
Short-Term,IBMM,https://www.etf.com/IBMM
Short-Term,PGHY,https://www.etf.com/PGHY
Short-Term,FSMB,https://www.etf.com/FSMB
Short-Term,BWZ,https://www.etf.com/BWZ
Short-Term,JSCP,https://www.etf.com/JSCP
Short-Term,EMNT,https://www.etf.com/EMNT
Short-Term,STOT,https://www.etf.com/STOT
Short-Term,PFLD,https://www.etf.com/PFLD
Short-Term,SHAG,https://www.etf.com/SHAG
Short-Term,IBHC,https://www.etf.com/IBHC
Short-Term,MINC,https://www.etf.com/MINC
Short-Term,HSRT,https://www.etf.com/HSRT
Short-Term,SHYL,https://www.etf.com/SHYL
Short-Term,IBHB,https://www.etf.com/IBHB
Short-Term,ISHG,https://www.etf.com/ISHG
Short-Term,PBTP,https://www.etf.com/PBTP
Short-Term,IBTE,https://www.etf.com/IBTE
Short-Term,IBDD,https://www.etf.com/IBDD
Short-Term,AVSF,https://www.etf.com/AVSF
Short-Term,BKSB,https://www.etf.com/BKSB
Short-Term,OVT,https://www.etf.com/OVT
Short-Term,ARCM,https://www.etf.com/ARCM
Short-Term,LSST,https://www.etf.com/LSST
Short-Term,IBTD,https://www.etf.com/IBTD
Short-Term,BSMN,https://www.etf.com/BSMN
Short-Term,BSMO,https://www.etf.com/BSMO
Short-Term,SBND,https://www.etf.com/SBND
Short-Term,SFIG,https://www.etf.com/SFIG
Short-Term,NUSA,https://www.etf.com/NUSA
Short-Term,HOLD,https://www.etf.com/HOLD
Short-Term,BSCE,https://www.etf.com/BSCE
Short-Term,BBSA,https://www.etf.com/BBSA
Short-Term,TBUX,https://www.etf.com/TBUX
Short-Term,IBCE,https://www.etf.com/IBCE
Short-Term,WINC,https://www.etf.com/WINC
Short-Term,FHYS,https://www.etf.com/FHYS
Short-Term,FCSH,https://www.etf.com/FCSH
Short-Term,BSDE,https://www.etf.com/BSDE
Short-Term,GSIG,https://www.etf.com/GSIG
Short-Term,EMSH,https://www.etf.com/EMSH
Short-Term,FSIG,https://www.etf.com/FSIG
Software,IGV,https://www.etf.com/IGV
Software,PSJ,https://www.etf.com/PSJ
Software,SWAR,https://www.etf.com/SWAR
Solar,TAN,https://www.etf.com/TAN
Solar,RAYS,https://www.etf.com/RAYS
Tactical Asset Allocation,RPAR,https://www.etf.com/RPAR
Tactical Asset Allocation,QAI,https://www.etf.com/QAI
Tactical Asset Allocation,DALT,https://www.etf.com/DALT
Tactical Asset Allocation,FLSP,https://www.etf.com/FLSP
Tactical Asset Allocation,GAA,https://www.etf.com/GAA
Tactical Asset Allocation,HDG,https://www.etf.com/HDG
Tactical Asset Allocation,TRTY,https://www.etf.com/TRTY
Tactical Asset Allocation,ALTY,https://www.etf.com/ALTY
Tactical Asset Allocation,VEGA,https://www.etf.com/VEGA
Tactical Asset Allocation,HTUS,https://www.etf.com/HTUS
Tactical Asset Allocation,FORH,https://www.etf.com/FORH
Tactical Asset Allocation,UPAR,https://www.etf.com/UPAR
Tactical Asset Allocation,ALTS,https://www.etf.com/ALTS
Tactical Asset Allocation,MCRO,https://www.etf.com/MCRO
Theme Investing,ARKK,https://www.etf.com/ARKK
Theme Investing,KWEB,https://www.etf.com/KWEB
Theme Investing,FDN,https://www.etf.com/FDN
Theme Investing,GUNR,https://www.etf.com/GUNR
Theme Investing,CIBR,https://www.etf.com/CIBR
Theme Investing,PAVE,https://www.etf.com/PAVE
Theme Investing,LIT,https://www.etf.com/LIT
Theme Investing,ICLN,https://www.etf.com/ICLN
Theme Investing,ARKG,https://www.etf.com/ARKG
Theme Investing,IGM,https://www.etf.com/IGM
Theme Investing,IGF,https://www.etf.com/IGF
Theme Investing,GNR,https://www.etf.com/GNR
Theme Investing,ARKW,https://www.etf.com/ARKW
Theme Investing,NFRA,https://www.etf.com/NFRA
Theme Investing,ITB,https://www.etf.com/ITB
Theme Investing,QCLN,https://www.etf.com/QCLN
Theme Investing,BOTZ,https://www.etf.com/BOTZ
Theme Investing,TAN,https://www.etf.com/TAN
Theme Investing,HACK,https://www.etf.com/HACK
Theme Investing,XHB,https://www.etf.com/XHB
Theme Investing,KOMP,https://www.etf.com/KOMP
Theme Investing,PHO,https://www.etf.com/PHO
Theme Investing,ROBO,https://www.etf.com/ROBO
Theme Investing,ARKQ,https://www.etf.com/ARKQ
Theme Investing,ARKF,https://www.etf.com/ARKF
Theme Investing,LCTU,https://www.etf.com/LCTU
Theme Investing,FIW,https://www.etf.com/FIW
Theme Investing,DRIV,https://www.etf.com/DRIV
Theme Investing,FNGU,https://www.etf.com/FNGU
Theme Investing,CRBN,https://www.etf.com/CRBN
Theme Investing,MSOS,https://www.etf.com/MSOS
Theme Investing,URA,https://www.etf.com/URA
Theme Investing,FIVG,https://www.etf.com/FIVG
Theme Investing,PBW,https://www.etf.com/PBW
Theme Investing,MOO,https://www.etf.com/MOO
Theme Investing,CGW,https://www.etf.com/CGW
Theme Investing,BUG,https://www.etf.com/BUG
Theme Investing,BLOK,https://www.etf.com/BLOK
Theme Investing,NXTG,https://www.etf.com/NXTG
Theme Investing,EMQQ,https://www.etf.com/EMQQ
Theme Investing,IPAY,https://www.etf.com/IPAY
Theme Investing,FINX,https://www.etf.com/FINX
Theme Investing,METV,https://www.etf.com/METV
Theme Investing,IFRA,https://www.etf.com/IFRA
Theme Investing,EMCR,https://www.etf.com/EMCR
Theme Investing,GRID,https://www.etf.com/GRID
Theme Investing,MJ,https://www.etf.com/MJ
Theme Investing,PNQI,https://www.etf.com/PNQI
Theme Investing,ACES,https://www.etf.com/ACES
Theme Investing,URNM,https://www.etf.com/URNM
Theme Investing,IGE,https://www.etf.com/IGE
Theme Investing,PABU,https://www.etf.com/PABU
Theme Investing,IDRV,https://www.etf.com/IDRV
Theme Investing,NANR,https://www.etf.com/NANR
Theme Investing,LCTD,https://www.etf.com/LCTD
Theme Investing,IHAK,https://www.etf.com/IHAK
Theme Investing,XRT,https://www.etf.com/XRT
Theme Investing,ESPO,https://www.etf.com/ESPO
Theme Investing,GII,https://www.etf.com/GII
Theme Investing,SNSR,https://www.etf.com/SNSR
Theme Investing,GINN,https://www.etf.com/GINN
Theme Investing,ERTH,https://www.etf.com/ERTH
Theme Investing,TECB,https://www.etf.com/TECB
Theme Investing,ARKX,https://www.etf.com/ARKX
Theme Investing,IRBO,https://www.etf.com/IRBO
Theme Investing,HERO,https://www.etf.com/HERO
Theme Investing,OGIG,https://www.etf.com/OGIG
Theme Investing,IYZ,https://www.etf.com/IYZ
Theme Investing,CWEB,https://www.etf.com/CWEB
Theme Investing,WOOD,https://www.etf.com/WOOD
Theme Investing,KARS,https://www.etf.com/KARS
Theme Investing,BULZ,https://www.etf.com/BULZ
Theme Investing,PRNT,https://www.etf.com/PRNT
Theme Investing,PIO,https://www.etf.com/PIO
Theme Investing,FAN,https://www.etf.com/FAN
Theme Investing,SOCL,https://www.etf.com/SOCL
Theme Investing,SARK,https://www.etf.com/SARK
Theme Investing,CNRG,https://www.etf.com/CNRG
Theme Investing,GTEK,https://www.etf.com/GTEK
Theme Investing,NAIL,https://www.etf.com/NAIL
Theme Investing,ROBT,https://www.etf.com/ROBT
Theme Investing,SMOG,https://www.etf.com/SMOG
Theme Investing,PBD,https://www.etf.com/PBD
Theme Investing,PAWZ,https://www.etf.com/PAWZ
Theme Investing,IDNA,https://www.etf.com/IDNA
Theme Investing,BATT,https://www.etf.com/BATT
Theme Investing,RTH,https://www.etf.com/RTH
Theme Investing,BLCN,https://www.etf.com/BLCN
Theme Investing,DTEC,https://www.etf.com/DTEC
Theme Investing,GNOM,https://www.etf.com/GNOM
Theme Investing,FNGO,https://www.etf.com/FNGO
Theme Investing,MILN,https://www.etf.com/MILN
Theme Investing,WEBL,https://www.etf.com/WEBL
Theme Investing,IZRL,https://www.etf.com/IZRL
Theme Investing,AIQ,https://www.etf.com/AIQ
Theme Investing,YOLO,https://www.etf.com/YOLO
Theme Investing,LEGR,https://www.etf.com/LEGR
Theme Investing,EBIZ,https://www.etf.com/EBIZ
Theme Investing,TOLZ,https://www.etf.com/TOLZ
Theme Investing,ECON,https://www.etf.com/ECON
Theme Investing,HAIL,https://www.etf.com/HAIL
Theme Investing,BITQ,https://www.etf.com/BITQ
Theme Investing,HAP,https://www.etf.com/HAP
Theme Investing,BKCH,https://www.etf.com/BKCH
Theme Investing,LOWC,https://www.etf.com/LOWC
Theme Investing,RNRG,https://www.etf.com/RNRG
Theme Investing,GSFP,https://www.etf.com/GSFP
Theme Investing,CTEC,https://www.etf.com/CTEC
Theme Investing,RETL,https://www.etf.com/RETL
Theme Investing,GXTG,https://www.etf.com/GXTG
Theme Investing,INCO,https://www.etf.com/INCO
Theme Investing,CUT,https://www.etf.com/CUT
Theme Investing,POTX,https://www.etf.com/POTX
Theme Investing,UFO,https://www.etf.com/UFO
Theme Investing,GAMR,https://www.etf.com/GAMR
Theme Investing,VEGI,https://www.etf.com/VEGI
Theme Investing,GENY,https://www.etf.com/GENY
Theme Investing,WFH,https://www.etf.com/WFH
Theme Investing,HOMZ,https://www.etf.com/HOMZ
Theme Investing,CNBS,https://www.etf.com/CNBS
Theme Investing,FNGD,https://www.etf.com/FNGD
Theme Investing,MOON,https://www.etf.com/MOON
Theme Investing,CARZ,https://www.etf.com/CARZ
Theme Investing,VEGN,https://www.etf.com/VEGN
Theme Investing,EVX,https://www.etf.com/EVX
Theme Investing,XTL,https://www.etf.com/XTL
Theme Investing,FNGS,https://www.etf.com/FNGS
Theme Investing,TMAT,https://www.etf.com/TMAT
Theme Investing,NETZ,https://www.etf.com/NETZ
Theme Investing,THCX,https://www.etf.com/THCX
Theme Investing,FMIL,https://www.etf.com/FMIL
Theme Investing,ENTR,https://www.etf.com/ENTR
Theme Investing,EBLU,https://www.etf.com/EBLU
Theme Investing,AGNG,https://www.etf.com/AGNG
Theme Investing,FDNI,https://www.etf.com/FDNI
Theme Investing,KBUY,https://www.etf.com/KBUY
Theme Investing,DAPP,https://www.etf.com/DAPP
Theme Investing,NERD,https://www.etf.com/NERD
Theme Investing,HDRO,https://www.etf.com/HDRO
Theme Investing,CRPT,https://www.etf.com/CRPT
Theme Investing,TENG,https://www.etf.com/TENG
Theme Investing,JZRO,https://www.etf.com/JZRO
Theme Investing,FTRI,https://www.etf.com/FTRI
Theme Investing,SIMS,https://www.etf.com/SIMS
Theme Investing,FDRV,https://www.etf.com/FDRV
Theme Investing,SSPX,https://www.etf.com/SSPX
Theme Investing,XWEB,https://www.etf.com/XWEB
Theme Investing,NLR,https://www.etf.com/NLR
Theme Investing,WUGI,https://www.etf.com/WUGI
Theme Investing,BFIT,https://www.etf.com/BFIT
Theme Investing,WCBR,https://www.etf.com/WCBR
Theme Investing,THNQ,https://www.etf.com/THNQ
Theme Investing,SXUS,https://www.etf.com/SXUS
Theme Investing,ANEW,https://www.etf.com/ANEW
Theme Investing,HJEN,https://www.etf.com/HJEN
Theme Investing,LRNZ,https://www.etf.com/LRNZ
Theme Investing,UBOT,https://www.etf.com/UBOT
Theme Investing,ERSX,https://www.etf.com/ERSX
Theme Investing,GRES,https://www.etf.com/GRES
Theme Investing,HYDR,https://www.etf.com/HYDR
Theme Investing,KOIN,https://www.etf.com/KOIN
Theme Investing,FITE,https://www.etf.com/FITE
Theme Investing,HLGE,https://www.etf.com/HLGE
Theme Investing,JCTR,https://www.etf.com/JCTR
Theme Investing,GK,https://www.etf.com/GK
Theme Investing,TOKE,https://www.etf.com/TOKE
Theme Investing,FRNW,https://www.etf.com/FRNW
Theme Investing,TEMP,https://www.etf.com/TEMP
Theme Investing,BUYZ,https://www.etf.com/BUYZ
Theme Investing,ISHP,https://www.etf.com/ISHP
Theme Investing,EMIF,https://www.etf.com/EMIF
Theme Investing,ROKT,https://www.etf.com/ROKT
Theme Investing,GBUY,https://www.etf.com/GBUY
Theme Investing,CTRU,https://www.etf.com/CTRU
Theme Investing,GIGE,https://www.etf.com/GIGE
Theme Investing,ECLN,https://www.etf.com/ECLN
Theme Investing,XPND,https://www.etf.com/XPND
Theme Investing,HELX,https://www.etf.com/HELX
Theme Investing,BTEK,https://www.etf.com/BTEK
Theme Investing,MOTO,https://www.etf.com/MOTO
Theme Investing,VCLO,https://www.etf.com/VCLO
Theme Investing,NFTZ,https://www.etf.com/NFTZ
Theme Investing,MTVR,https://www.etf.com/MTVR
Theme Investing,FFND,https://www.etf.com/FFND
Theme Investing,MVPS,https://www.etf.com/MVPS
Theme Investing,WEBS,https://www.etf.com/WEBS
Theme Investing,RIGZ,https://www.etf.com/RIGZ
Theme Investing,FMQQ,https://www.etf.com/FMQQ
Theme Investing,VICE,https://www.etf.com/VICE
Theme Investing,IQM,https://www.etf.com/IQM
Theme Investing,EKAR,https://www.etf.com/EKAR
Theme Investing,PSDN,https://www.etf.com/PSDN
Theme Investing,FNGG,https://www.etf.com/FNGG
Theme Investing,TPAY,https://www.etf.com/TPAY
Theme Investing,TCHI,https://www.etf.com/TCHI
Theme Investing,OBOR,https://www.etf.com/OBOR
Theme Investing,FTAG,https://www.etf.com/FTAG
Theme Investing,SATO,https://www.etf.com/SATO
Theme Investing,LUXE,https://www.etf.com/LUXE
Theme Investing,BAD,https://www.etf.com/BAD
Theme Investing,VCAR,https://www.etf.com/VCAR
Theme Investing,GFOF,https://www.etf.com/GFOF
Theme Investing,AQWA,https://www.etf.com/AQWA
Theme Investing,EMTY,https://www.etf.com/EMTY
Theme Investing,BNE,https://www.etf.com/BNE
Theme Investing,RAYS,https://www.etf.com/RAYS
Theme Investing,GPAL,https://www.etf.com/GPAL
Theme Investing,SUBS,https://www.etf.com/SUBS
Theme Investing,HART,https://www.etf.com/HART
Theme Investing,DOZR,https://www.etf.com/DOZR
Theme Investing,EMFQ,https://www.etf.com/EMFQ
Theme Investing,INNO,https://www.etf.com/INNO
Theme Investing,FNTC,https://www.etf.com/FNTC
Theme Investing,KTEC,https://www.etf.com/KTEC
Theme Investing,IWFH,https://www.etf.com/IWFH
Theme Investing,CLNR,https://www.etf.com/CLNR
Theme Investing,KROP,https://www.etf.com/KROP
Theme Investing,KLNE,https://www.etf.com/KLNE
Theme Investing,EDUT,https://www.etf.com/EDUT
Theme Investing,SOLR,https://www.etf.com/SOLR
Theme Investing,SPRX,https://www.etf.com/SPRX
Theme Investing,WWOW,https://www.etf.com/WWOW
Theme Investing,SAMT,https://www.etf.com/SAMT
Theme Investing,OCEN,https://www.etf.com/OCEN
Theme Investing,BECO,https://www.etf.com/BECO
Theme Investing,MJUS,https://www.etf.com/MJUS
Theme Investing,GBLD,https://www.etf.com/GBLD
Theme Investing,BLKC,https://www.etf.com/BLKC
Theme Investing,ZGEN,https://www.etf.com/ZGEN
Theme Investing,BTCR,https://www.etf.com/BTCR
Theme Investing,GLIF,https://www.etf.com/GLIF
Theme Investing,BERZ,https://www.etf.com/BERZ
Theme Investing,CWC,https://www.etf.com/CWC
Theme Investing,WNDY,https://www.etf.com/WNDY
Theme Investing,BUDX,https://www.etf.com/BUDX
Theme Investing,ILDR,https://www.etf.com/ILDR
Theme Investing,EWEB,https://www.etf.com/EWEB
Theme Investing,EATV,https://www.etf.com/EATV
Theme Investing,WDNA,https://www.etf.com/WDNA
Theme Investing,CTEX,https://www.etf.com/CTEX
Theme Investing,UCYB,https://www.etf.com/UCYB
Theme Investing,LIV,https://www.etf.com/LIV
Theme Investing,BNGE,https://www.etf.com/BNGE
Theme Investing,LTL,https://www.etf.com/LTL
Theme Investing,YUMY,https://www.etf.com/YUMY
Theme Investing,SHFT,https://www.etf.com/SHFT
Theme Investing,KGRO,https://www.etf.com/KGRO
Theme Investing,TYNE,https://www.etf.com/TYNE
Theme Investing,NTZO,https://www.etf.com/NTZO
Theme Investing,VFIN,https://www.etf.com/VFIN
Theme Investing,BSEA,https://www.etf.com/BSEA
Theme Investing,RESI,https://www.etf.com/RESI
Theme Investing,PUNK,https://www.etf.com/PUNK
Theme Investing,CLMA,https://www.etf.com/CLMA
Theme Investing,NZRO,https://www.etf.com/NZRO
Theme Investing,WTAI,https://www.etf.com/WTAI
Theme Investing,GRZZ,https://www.etf.com/GRZZ
Theme Investing,DTOX,https://www.etf.com/DTOX
Theme Investing,MJIN,https://www.etf.com/MJIN
Theme Investing,MJXL,https://www.etf.com/MJXL
Theme Investing,BIDS,https://www.etf.com/BIDS
Theme Investing,VBB,https://www.etf.com/VBB
Theme Investing,TINY,https://www.etf.com/TINY
Theme Investing,OND,https://www.etf.com/OND
Theme Investing,WBAT,https://www.etf.com/WBAT
Theme Investing,WGMI,https://www.etf.com/WGMI
Theme Investing,GAST,https://www.etf.com/GAST
Theme Investing,VCLN,https://www.etf.com/VCLN
Theme Investing,META,https://www.etf.com/META
Theme Investing,SULR,https://www.etf.com/SULR
Theme Investing,CCON,https://www.etf.com/CCON
Timber,WOOD,https://www.etf.com/WOOD
Timber,CUT,https://www.etf.com/CUT
Transportation,IYT,https://www.etf.com/IYT
Transportation,FTXR,https://www.etf.com/FTXR
Transportation,XTN,https://www.etf.com/XTN
Transportation,TPOR,https://www.etf.com/TPOR
Transportation,BOAT,https://www.etf.com/BOAT
Transportation,SEA,https://www.etf.com/SEA
Trend-Following,PCY,https://www.etf.com/PCY
Trend-Following,HYDW,https://www.etf.com/HYDW
Trend-Following,FCTR,https://www.etf.com/FCTR
Trend-Following,RBIN,https://www.etf.com/RBIN
Trend-Following,RBUS,https://www.etf.com/RBUS
Trend-Following,DVOL,https://www.etf.com/DVOL
Trend-Following,ONOF,https://www.etf.com/ONOF
Trend-Following,MXDU,https://www.etf.com/MXDU
Trend-Following,UTRN,https://www.etf.com/UTRN
Trend-Following,ARMR,https://www.etf.com/ARMR
Trend-Following,XRLV,https://www.etf.com/XRLV
Trend-Following,EQRR,https://www.etf.com/EQRR
Trend-Following,ASET,https://www.etf.com/ASET
Trend-Following,LFEQ,https://www.etf.com/LFEQ
Trend-Following,TCTL,https://www.etf.com/TCTL
Trend-Following,HYLV,https://www.etf.com/HYLV
Trend-Following,HYUP,https://www.etf.com/HYUP
Trend-Following,BOUT,https://www.etf.com/BOUT
Trend-Following,ALTS,https://www.etf.com/ALTS
Trend-Following,VSL,https://www.etf.com/VSL
Trend-Following,LOPX,https://www.etf.com/LOPX
Trend-Following,MEME,https://www.etf.com/MEME
Trend-Following,HYRM,https://www.etf.com/HYRM
Ultra-Short Term,JPST,https://www.etf.com/JPST
Ultra-Short Term,SHV,https://www.etf.com/SHV
Ultra-Short Term,BIL,https://www.etf.com/BIL
Ultra-Short Term,ICSH,https://www.etf.com/ICSH
Ultra-Short Term,GSY,https://www.etf.com/GSY
Ultra-Short Term,VUSB,https://www.etf.com/VUSB
Ultra-Short Term,BSCM,https://www.etf.com/BSCM
Ultra-Short Term,GBIL,https://www.etf.com/GBIL
Ultra-Short Term,SGOV,https://www.etf.com/SGOV
Ultra-Short Term,BSJM,https://www.etf.com/BSJM
Ultra-Short Term,CLTL,https://www.etf.com/CLTL
Ultra-Short Term,GSST,https://www.etf.com/GSST
Ultra-Short Term,ULST,https://www.etf.com/ULST
Ultra-Short Term,IBMK,https://www.etf.com/IBMK
Ultra-Short Term,OPER,https://www.etf.com/OPER
Ultra-Short Term,VALT,https://www.etf.com/VALT
Ultra-Short Term,FUMB,https://www.etf.com/FUMB
Ultra-Short Term,ULTR,https://www.etf.com/ULTR
Ultra-Short Term,BSMM,https://www.etf.com/BSMM
Ultra-Short Term,BSBE,https://www.etf.com/BSBE
Ultra-Short Term,AWTM,https://www.etf.com/AWTM
Ultra-Short Term,IBTB,https://www.etf.com/IBTB
Ultra-Short Term,BKUI,https://www.etf.com/BKUI
Ultra-Short Term,BILS,https://www.etf.com/BILS
Ultra-Short Term,USI,https://www.etf.com/USI
Ultra-Short Term,FLUD,https://www.etf.com/FLUD
Utilities,XLU,https://www.etf.com/XLU
Utilities,VPU,https://www.etf.com/VPU
Utilities,FUTY,https://www.etf.com/FUTY
Utilities,IDU,https://www.etf.com/IDU
Utilities,RYU,https://www.etf.com/RYU
Utilities,FXU,https://www.etf.com/FXU
Utilities,JXI,https://www.etf.com/JXI
Utilities,PUI,https://www.etf.com/PUI
Utilities,UPW,https://www.etf.com/UPW
Utilities,JHMU,https://www.etf.com/JHMU
Utilities,UTSL,https://www.etf.com/UTSL
Utilities,CHIU,https://www.etf.com/CHIU
Utilities,SDP,https://www.etf.com/SDP
Utilities,UTES,https://www.etf.com/UTES
Value,VTV,https://www.etf.com/VTV
Value,IWD,https://www.etf.com/IWD
Value,VBR,https://www.etf.com/VBR
Value,IVE,https://www.etf.com/IVE
Value,EFV,https://www.etf.com/EFV
Value,VOE,https://www.etf.com/VOE
Value,IWN,https://www.etf.com/IWN
Value,IWS,https://www.etf.com/IWS
Value,SPYV,https://www.etf.com/SPYV
Value,VLUE,https://www.etf.com/VLUE
Value,IUSV,https://www.etf.com/IUSV
Value,SCHV,https://www.etf.com/SCHV
Value,IJS,https://www.etf.com/IJS
Value,IJJ,https://www.etf.com/IJJ
Value,VONV,https://www.etf.com/VONV
Value,DFAT,https://www.etf.com/DFAT
Value,MGV,https://www.etf.com/MGV
Value,SLYV,https://www.etf.com/SLYV
Value,DFIV,https://www.etf.com/DFIV
Value,RPV,https://www.etf.com/RPV
Value,VOOV,https://www.etf.com/VOOV
Value,AVUV,https://www.etf.com/AVUV
Value,MDYV,https://www.etf.com/MDYV
Value,AVDV,https://www.etf.com/AVDV
Value,IVLU,https://www.etf.com/IVLU
Value,NULV,https://www.etf.com/NULV
Value,VIOV,https://www.etf.com/VIOV
Value,IWX,https://www.etf.com/IWX
Value,FTA,https://www.etf.com/FTA
Value,VTWV,https://www.etf.com/VTWV
Value,PWV,https://www.etf.com/PWV
Value,IVOV,https://www.etf.com/IVOV
Value,ILCV,https://www.etf.com/ILCV
Value,FVAL,https://www.etf.com/FVAL
Value,XSVM,https://www.etf.com/XSVM
Value,VFVA,https://www.etf.com/VFVA
Value,JVAL,https://www.etf.com/JVAL
Value,AIVL,https://www.etf.com/AIVL
Value,IMCV,https://www.etf.com/IMCV
Value,ISCV,https://www.etf.com/ISCV
Value,NUMV,https://www.etf.com/NUMV
Value,RZV,https://www.etf.com/RZV
Value,VLU,https://www.etf.com/VLU
Value,FYT,https://www.etf.com/FYT
Value,FNK,https://www.etf.com/FNK
Value,XMVM,https://www.etf.com/XMVM
Value,FLV,https://www.etf.com/FLV
Value,QVAL,https://www.etf.com/QVAL
Value,SPVU,https://www.etf.com/SPVU
Value,OSCV,https://www.etf.com/OSCV
Value,SVAL,https://www.etf.com/SVAL
Value,RFV,https://www.etf.com/RFV
Value,FAB,https://www.etf.com/FAB
Value,AVLV,https://www.etf.com/AVLV
Value,IVAL,https://www.etf.com/IVAL
Value,PY,https://www.etf.com/PY
Value,GVAL,https://www.etf.com/GVAL
Value,FBCV,https://www.etf.com/FBCV
Value,EWJV,https://www.etf.com/EWJV
Value,AVES,https://www.etf.com/AVES
Value,ABEQ,https://www.etf.com/ABEQ
Value,SPDV,https://www.etf.com/SPDV
Value,DEEP,https://www.etf.com/DEEP
Value,SPVM,https://www.etf.com/SPVM
Value,DBLV,https://www.etf.com/DBLV
Value,WBIF,https://www.etf.com/WBIF
Value,FIVA,https://www.etf.com/FIVA
Value,ZIG,https://www.etf.com/ZIG
Value,FOVL,https://www.etf.com/FOVL
Value,IWDL,https://www.etf.com/IWDL
Value,JAVA,https://www.etf.com/JAVA
Value,RWVG,https://www.etf.com/RWVG
Value,KVLE,https://www.etf.com/KVLE
Value,AVIV,https://www.etf.com/AVIV
Value,CVAR,https://www.etf.com/CVAR
Value,PVAL,https://www.etf.com/PVAL
Value,REVS,https://www.etf.com/REVS
Value,SQLV,https://www.etf.com/SQLV
Value,UVDV,https://www.etf.com/UVDV
Value,ISVL,https://www.etf.com/ISVL
Value,FPAG,https://www.etf.com/FPAG
Value,EEMD,https://www.etf.com/EEMD
Value,STLV,https://www.etf.com/STLV
Value,NVQ,https://www.etf.com/NVQ
Value,HVAL,https://www.etf.com/HVAL
Value,CFCV,https://www.etf.com/CFCV
Value,USVT,https://www.etf.com/USVT
Value,DMDV,https://www.etf.com/DMDV
Value,AVSC,https://www.etf.com/AVSC
Value,AILV,https://www.etf.com/AILV
